<?xml version="1.0" encoding="UTF-8" ?>
<!DOCTYPE mapper PUBLIC "-//mybatis.org//DTD Mapper 3.0//EN" "http://mybatis.org/dtd/mybatis-3-mapper.dtd" >
<mapper namespace="com.spring.dao.AdminsMapper">
    <resultMap id="BaseResultMap" type="com.spring.entity.Admins">
        <id column="id" property="id" jdbcType="INTEGER"/>
                            <result column="username" property="username" jdbcType="VARCHAR"/>
                                    <result column="pwd" property="pwd" jdbcType="VARCHAR"/>
                                    <result column="addtime" property="addtime" jdbcType="VARCHAR"/>
                                
    </resultMap>
    <sql id="Base_Column_List">
        id, username, pwd, addtime    </sql>
        <select id="login" resultMap="BaseResultMap" parameterType="com.spring.entity.Admins">
        select
        <include refid="Base_Column_List"/>
        from admins        where username = #{username}
        AND pwd = #{pwd}
    </select>
    </mapper>
