<?xml version="1.0" encoding="UTF-8" ?>
<!DOCTYPE mapper PUBLIC "-//mybatis.org//DTD Mapper 3.0//EN" "http://mybatis.org/dtd/mybatis-3-mapper.dtd" >
<mapper namespace="com.spring.dao.LunbotuMapper">
    <resultMap id="BaseResultMap" type="com.spring.entity.Lunbotu">
        <id column="id" property="id" jdbcType="INTEGER"/>
                            <result column="title" property="title" jdbcType="VARCHAR"/>
                                    <result column="image" property="image" jdbcType="VARCHAR"/>
                                    <result column="url" property="url" jdbcType="VARCHAR"/>
                                    <result column="addtime" property="addtime" jdbcType="VARCHAR"/>
                                
    </resultMap>
    <sql id="Base_Column_List">
        id, title, image, url, addtime    </sql>
    </mapper>
