<?xml version="1.0" encoding="UTF-8" ?>
<!DOCTYPE mapper PUBLIC "-//mybatis.org//DTD Mapper 3.0//EN" "http://mybatis.org/dtd/mybatis-3-mapper.dtd" >
<mapper namespace="com.spring.dao.LvyouxianluMapper">
    <resultMap id="BaseResultMap" type="com.spring.entity.Lvyouxianlu">
        <id column="id" property="id" jdbcType="INTEGER"/>
            <result column="xianlubianhao" property="xianlubianhao" jdbcType="VARCHAR"/>
            <result column="xianlumingcheng" property="xianlumingcheng" jdbcType="VARCHAR"/>
            <result column="tupian" property="tupian" jdbcType="VARCHAR"/>
            <result column="chufadi" property="chufadi" jdbcType="VARCHAR"/>
            <result column="tujingdi" property="tujingdi" jdbcType="VARCHAR"/>
            <result column="zhongdian" property="zhongdian" jdbcType="VARCHAR"/>
            <result column="jiage" property="jiage" jdbcType="DECIMAL"/>
            <result column="liulanliang" property="liulanliang" jdbcType="INTEGER"/>
            <result column="xianlutese" property="xianlutese" jdbcType="VARCHAR"/>
            <result column="xianlujianjie" property="xianlujianjie" jdbcType="VARCHAR"/>
            <result column="addtime" property="addtime" jdbcType="VARCHAR"/>
    </resultMap>
    <sql id="Base_Column_List">
        id, xianlubianhao, xianlumingcheng, tupian, chufadi, tujingdi, zhongdian, jiage, liulanliang, xianlutese, xianlujianjie, addtime    </sql>
    </mapper>
