<?xml version="1.0" encoding="UTF-8" ?>
<!DOCTYPE mapper PUBLIC "-//mybatis.org//DTD Mapper 3.0//EN" "http://mybatis.org/dtd/mybatis-3-mapper.dtd" >
<mapper namespace="com.spring.dao.YudingMapper">
    <resultMap id="BaseResultMap" type="com.spring.entity.Yuding">
        <id column="id" property="id" jdbcType="INTEGER"/>
        <result column="lvyouxianluid" property="lvyouxianluid" jdbcType="INTEGER"/>
        <result column="xianlubianhao" property="xianlubianhao" jdbcType="VARCHAR"/>
        <result column="xianlumingcheng" property="xianlumingcheng" jdbcType="VARCHAR"/>
        <result column="chufadi" property="chufadi" jdbcType="VARCHAR"/>
        <result column="tujingdi" property="tujingdi" jdbcType="VARCHAR"/>
        <result column="zhongdian" property="zhongdian" jdbcType="VARCHAR"/>
        <result column="jiage" property="jiage" jdbcType="DECIMAL"/>
        <result column="dingdanhao" property="dingdanhao" jdbcType="VARCHAR"/>
        <result column="yudingshijian" property="yudingshijian" jdbcType="VARCHAR"/>
        <result column="yudingrenxingming" property="yudingrenxingming" jdbcType="VARCHAR"/>
        <result column="lianxifangshi" property="lianxifangshi" jdbcType="VARCHAR"/>
        <result column="zhuangtai" property="zhuangtai" jdbcType="VARCHAR"/>
        <result column="beizhu" property="beizhu" jdbcType="VARCHAR"/>
        <result column="yudingren" property="yudingren" jdbcType="VARCHAR"/>
        <result column="addtime" property="addtime" jdbcType="VARCHAR"/>
        <result column="iszf" property="iszf" jdbcType="VARCHAR"/>
    </resultMap>
    <sql id="Base_Column_List">
        id, lvyouxianluid, xianlubianhao, xianlumingcheng, chufadi, tujingdi, zhongdian, jiage, dingdanhao, yudingshijian, yudingrenxingming, lianxifangshi, zhuangtai, beizhu, yudingren, addtime, iszf    </sql>
    </mapper>
